,CTUID,CTNAME,PRUID,PRNAME,CMAUID,CMAPUID,CMANAME,CMATYPE,geo_uid,ct_name,avg_rent_2016,avg_dwelling_cost_2016,median_income_2016,income_monthly_2016,pct_income_rent_2016,years_to_save_2016,advocado_2016
1746,9330208,208,59,British Columbia / Colombie-Britannique,933,59933,Vancouver,B,9330208,208,823,1004360,74176,6181.33,13.31,17.05,164.6
2081,9330181.13,181.13,59,British Columbia / Colombie-Britannique,933,59933,Vancouver,B,9330181.13,181.13,930,973753,86926,7243.83,12.84,6.14,186
5371,9330260.05,260.05,59,British Columbia / Colombie-Britannique,933,59933,Vancouver,B,9330260.05,260.05,1050,787284,95360,7946.67,13.21,4.56,210
5668,9330182.04,182.04,59,British Columbia / Colombie-Britannique,933,59933,Vancouver,B,9330182.04,182.04,1003,1107371,123648,10304.00,9.73,18.80,200.6
3964,9330502.05,502.05,59,British Columbia / Colombie-Britannique,933,59933,Vancouver,B,9330502.05,502.05,1034,1774999,101461,8455.08,12.23,30.14,206.8
5527,9330110.03,110.03,59,British Columbia / Colombie-Britannique,933,59933,Vancouver,B,9330110.03,110.03,1289,1406874,121984,10165.33,12.68,23.89,257.8
1088,9330502.07,502.07,59,British Columbia / Colombie-Britannique,933,59933,Vancouver,B,9330502.07,502.07,1050,641514,84608,7050.67,14.89,3.32,210
4232,9330506.01,506.01,59,British Columbia / Colombie-Britannique,933,59933,Vancouver,B,9330506.01,506.01,945,412168,73813,6151.08,15.36,1.75,189
3787,9330502.01,502.01,59,British Columbia / Colombie-Britannique,933,59933,Vancouver,B,9330502.01,502.01,1109,772735,100535,8377.92,13.24,4.44,221.8
999,9330502.06,502.06,59,British Columbia / Colombie-Britannique,933,59933,Vancouver,B,9330502.06,502.06,1052,992783,115968,9664.00,10.89,6.31,210.4
1745,9330207,207,59,British Columbia / Colombie-Britannique,933,59933,Vancouver,B,9330207,207,980,308910,53867,4488.92,21.83,1.31,196
4944,9330050.03,50.03,59,British Columbia / Colombie-Britannique,933,59933,Vancouver,B,9330050.03,50.03,1128,512551,58832,4902.67,23.01,2.23,225.6
2188,9330210,210,59,British Columbia / Colombie-Britannique,933,59933,Vancouver,B,9330210,210,1013,718636,67104,5592.00,18.12,3.98,202.6
3346,9330290.07,290.07,59,British Columbia / Colombie-Britannique,933,59933,Vancouver,B,9330290.07,290.07,1050,714631,93099,7758.25,13.53,3.94,210
5067,9330290.04,290.04,59,British Columbia / Colombie-Britannique,933,59933,Vancouver,B,9330290.04,290.04,1196,832733,116992,9749.33,12.27,4.95,239.2
4231,9330410.02,410.02,59,British Columbia / Colombie-Britannique,933,59933,Vancouver,B,9330410.02,410.02,1036,523521,77488,6457.33,16.04,2.32,207.2
2922,9330161.02,161.02,59,British Columbia / Colombie-Britannique,933,59933,Vancouver,B,9330161.02,161.02,1054,835339,77824,6485.33,16.25,4.97,210.8
5457,9330183.05,183.05,59,British Columbia / Colombie-Britannique,933,59933,Vancouver,B,9330183.05,183.05,1186,657715,109380,9115.00,13.01,3.46,237.2
4028,9330403.07,403.07,59,British Columbia / Colombie-Britannique,933,59933,Vancouver,B,9330403.07,403.07,1058,525880,86080,7173.33,14.75,2.34,211.6
2098,9330185.17,185.17,59,British Columbia / Colombie-Britannique,933,59933,Vancouver,B,9330185.17,185.17,1080,739613,95019,7918.25,13.64,4.16,216
2095,9330184.14,184.14,59,British Columbia / Colombie-Britannique,933,59933,Vancouver,B,9330184.14,184.14,1225,564248,99584,8298.67,14.76,2.67,245
3541,9330049.02,49.02,59,British Columbia / Colombie-Britannique,933,59933,Vancouver,B,9330049.02,49.02,1351,822354,78176,6514.67,20.74,4.86,270.2
2950,9330160.02,160.02,59,British Columbia / Colombie-Britannique,933,59933,Vancouver,B,9330160.02,160.02,1245,1141434,88704,7392.00,16.84,19.38,249
1204,9330404.02,404.02,59,British Columbia / Colombie-Britannique,933,59933,Vancouver,B,9330404.02,404.02,1290,811729,118848,9904.00,13.03,4.77,258
997,9330503.09,503.09,59,British Columbia / Colombie-Britannique,933,59933,Vancouver,B,9330503.09,503.09,962,276842,55616,4634.67,20.76,1.18,192.4
3789,9330503.01,503.01,59,British Columbia / Colombie-Britannique,933,59933,Vancouver,B,9330503.01,503.01,1217,732596,109466,9122.17,13.34,4.10,243.4
4939,9330040.02,40.02,59,British Columbia / Colombie-Britannique,933,59933,Vancouver,B,9330040.02,40.02,1237,747629,59975,4997.92,24.75,4.22,247.4
4123,9330183.03,183.03,59,British Columbia / Colombie-Britannique,933,59933,Vancouver,B,9330183.03,183.03,1016,547775,69120,5760.00,17.64,2.53,203.2
5346,9330260.07,260.07,59,British Columbia / Colombie-Britannique,933,59933,Vancouver,B,9330260.07,260.07,1219,589030,82615,6884.58,17.71,2.88,243.8
5127,9330401.01,401.01,59,British Columbia / Colombie-Britannique,933,59933,Vancouver,B,9330401.01,401.01,925,499025,61824,5152.00,17.95,2.12,185
4099,9330502.03,502.03,59,British Columbia / Colombie-Britannique,933,59933,Vancouver,B,9330502.03,502.03,1160,779989,103753,8646.08,13.42,4.50,232
4890,9330039.01,39.01,59,British Columbia / Colombie-Britannique,933,59933,Vancouver,B,9330039.01,39.01,1246,1031327,67191,5599.25,22.25,17.51,249.2
2088,9330044,44,59,British Columbia / Colombie-Britannique,933,59933,Vancouver,B,9330044,44,1269,2786952,83456,6954.67,18.25,47.32,253.8
971,9330205.01,205.01,59,British Columbia / Colombie-Britannique,933,59933,Vancouver,B,9330205.01,205.01,891,565573,45483,3790.25,23.51,2.68,178.2
5169,9330047.01,47.01,59,British Columbia / Colombie-Britannique,933,59933,Vancouver,B,9330047.01,47.01,1421,1030414,70459,5871.58,24.20,17.50,284.2
5648,9330182.02,182.02,59,British Columbia / Colombie-Britannique,933,59933,Vancouver,B,9330182.02,182.02,1241,770239,118912,9909.33,12.52,4.42,248.2
4891,9330039.02,39.02,59,British Columbia / Colombie-Britannique,933,59933,Vancouver,B,9330039.02,39.02,1354,658383,70459,5871.58,23.06,3.47,270.8
2080,9330038,38,59,British Columbia / Colombie-Britannique,933,59933,Vancouver,B,9330038,38,1196,756025,67776,5648.00,21.18,4.30,239.2
1262,9330183.08,183.08,59,British Columbia / Colombie-Britannique,933,59933,Vancouver,B,9330183.08,183.08,1244,506258,83063,6921.92,17.97,2.18,248.8
4229,9330504.03,504.03,59,British Columbia / Colombie-Britannique,933,59933,Vancouver,B,9330504.03,504.03,1278,781780,109504,9125.33,14.00,4.51,255.6
5090,9330403.05,403.05,59,British Columbia / Colombie-Britannique,933,59933,Vancouver,B,9330403.05,403.05,1141,638779,99541,8295.08,13.76,3.30,228.2
2092,9330048,48,59,British Columbia / Colombie-Britannique,933,59933,Vancouver,B,9330048,48,1387,974609,67149,5595.75,24.79,6.15,277.4
5562,9330400.05,400.05,59,British Columbia / Colombie-Britannique,933,59933,Vancouver,B,9330400.05,400.05,1207,558203,100238,8353.17,14.45,2.62,241.4
5679,9330184.11,184.11,59,British Columbia / Colombie-Britannique,933,59933,Vancouver,B,9330184.11,184.11,819,922825,91040,7586.67,10.80,5.71,163.8
5591,9330161.05,161.05,59,British Columbia / Colombie-Britannique,933,59933,Vancouver,B,9330161.05,161.05,1165,896337,94400,7866.67,14.81,5.49,233
5179,9330204.01,204.01,59,British Columbia / Colombie-Britannique,933,59933,Vancouver,B,9330204.01,204.01,1008,390400,53157,4429.75,22.76,1.66,201.6
996,9330503.08,503.08,59,British Columbia / Colombie-Britannique,933,59933,Vancouver,B,9330503.08,503.08,1031,339291,57173,4764.42,21.64,1.44,206.2
2931,9330260.12,260.12,59,British Columbia / Colombie-Britannique,933,59933,Vancouver,B,9330260.12,260.12,1161,681195,76160,6346.67,18.29,3.66,232.2
2187,9330209,209,59,British Columbia / Colombie-Britannique,933,59933,Vancouver,B,9330209,209,1302,669254,84130,7010.83,18.57,3.56,260.4
5174,9330403.04,403.04,59,British Columbia / Colombie-Britannique,933,59933,Vancouver,B,9330403.04,403.04,1144,624112,94976,7914.67,14.45,3.18,228.8
3523,9330049.01,49.01,59,British Columbia / Colombie-Britannique,933,59933,Vancouver,B,9330049.01,49.01,1709,814643,89971,7497.58,22.79,4.79,341.8
4938,9330040.01,40.01,59,British Columbia / Colombie-Britannique,933,59933,Vancouver,B,9330040.01,40.01,1220,649750,53606,4467.17,27.31,3.39,244
3986,9330505.04,505.04,59,British Columbia / Colombie-Britannique,933,59933,Vancouver,B,9330505.04,505.04,1188,1186297,111488,9290.67,12.79,20.14,237.6
1899,9330504.07,504.07,59,British Columbia / Colombie-Britannique,933,59933,Vancouver,B,9330504.07,504.07,1192,479162,79360,6613.33,18.02,2.03,238.4
1744,9330206,206,59,British Columbia / Colombie-Britannique,933,59933,Vancouver,B,9330206,206,1201,345210,63502,5291.83,22.70,1.47,240.2
5170,9330047.02,47.02,59,British Columbia / Colombie-Britannique,933,59933,Vancouver,B,9330047.02,47.02,1399,601023,66901,5575.08,25.09,2.98,279.8
3784,9330402.02,402.02,59,British Columbia / Colombie-Britannique,933,59933,Vancouver,B,9330402.02,402.02,1120,566265,83552,6962.67,16.09,2.69,224
5459,9330183.07,183.07,59,British Columbia / Colombie-Britannique,933,59933,Vancouver,B,9330183.07,183.07,1158,811550,105259,8771.58,13.20,4.77,231.6
5656,9330184.1,184.1,59,British Columbia / Colombie-Britannique,933,59933,Vancouver,B,9330184.1,184.1,764,857572,77995,6499.58,11.75,5.16,152.8
3358,9330161.03,161.03,59,British Columbia / Colombie-Britannique,933,59933,Vancouver,B,9330161.03,161.03,1212,826047,93568,7797.33,15.54,4.89,242.4
5557,9330110.04,110.04,59,British Columbia / Colombie-Britannique,933,59933,Vancouver,B,9330110.04,110.04,1451,1393892,125184,10432.00,13.91,23.67,290.2
4829,9330140.02,140.02,59,British Columbia / Colombie-Britannique,933,59933,Vancouver,B,9330140.02,140.02,1355,980101,88858,7404.83,18.30,6.20,271
4940,9330041.01,41.01,59,British Columbia / Colombie-Britannique,933,59933,Vancouver,B,9330041.01,41.01,1363,804606,64402,5366.83,25.40,4.71,272.6
3782,9330291.01,291.01,59,British Columbia / Colombie-Britannique,933,59933,Vancouver,B,9330291.01,291.01,993,589548,66125,5510.42,18.02,2.88,198.6
5085,9330170.03,170.03,59,British Columbia / Colombie-Britannique,933,59933,Vancouver,B,9330170.03,170.03,1063,422524,48192,4016.00,26.47,1.79,212.6
2104,9330185.18,185.18,59,British Columbia / Colombie-Britannique,933,59933,Vancouver,B,9330185.18,185.18,868,1041187,93440,7786.67,11.15,17.68,173.6
1741,9330203,203,59,British Columbia / Colombie-Britannique,933,59933,Vancouver,B,9330203,203,1164,1061615,90112,7509.33,15.50,18.03,232.8
1552,9330410.06,410.06,59,British Columbia / Colombie-Britannique,933,59933,Vancouver,B,9330410.06,410.06,1487,694930,114592,9549.33,15.57,3.78,297.4
5128,9330401.02,401.02,59,British Columbia / Colombie-Britannique,933,59933,Vancouver,B,9330401.02,401.02,931,347089,51085,4257.08,21.87,1.47,186.2
3781,9330290.02,290.02,59,British Columbia / Colombie-Britannique,933,59933,Vancouver,B,9330290.02,290.02,1149,317086,60907,5075.58,22.64,1.35,229.8
992,9330503.06,503.06,59,British Columbia / Colombie-Britannique,933,59933,Vancouver,B,9330503.06,503.06,1044,257081,54912,4576.00,22.81,1.09,208.8
5098,9330056.02,56.02,59,British Columbia / Colombie-Britannique,933,59933,Vancouver,B,9330056.02,56.02,1117,909652,60946,5078.83,21.99,5.60,223.4
1551,9330410.05,410.05,59,British Columbia / Colombie-Britannique,933,59933,Vancouver,B,9330410.05,410.05,1159,579499,82176,6848.00,16.92,2.80,231.8
2142,9330185.2,185.2,59,British Columbia / Colombie-Britannique,933,59933,Vancouver,B,9330185.2,185.2,720,653753,75435,6286.25,11.45,3.43,144
1002,9330205.02,205.02,59,British Columbia / Colombie-Britannique,933,59933,Vancouver,B,9330205.02,205.02,953,444053,47232,3936.00,24.21,1.89,190.6
5391,9330402.03,402.03,59,British Columbia / Colombie-Britannique,933,59933,Vancouver,B,9330402.03,402.03,925,401452,50859,4238.25,21.83,1.70,185
3765,9330055.02,55.02,59,British Columbia / Colombie-Britannique,933,59933,Vancouver,B,9330055.02,55.02,1010,714423,50576,4214.67,23.96,3.94,202
998,9330504.05,504.05,59,British Columbia / Colombie-Britannique,933,59933,Vancouver,B,9330504.05,504.05,1261,660426,91307,7608.92,16.57,3.48,252.2
1407,9330183.09,183.09,59,British Columbia / Colombie-Britannique,933,59933,Vancouver,B,9330183.09,183.09,1271,656407,88670,7389.17,17.20,3.45,254.2
3984,9330504.15,504.15,59,British Columbia / Colombie-Britannique,933,59933,Vancouver,B,9330504.15,504.15,1239,699787,86144,7178.67,17.26,3.82,247.8
4098,9330501.03,501.03,59,British Columbia / Colombie-Britannique,933,59933,Vancouver,B,9330501.03,501.03,1135,936985,97178,8098.17,14.02,5.83,227
4097,9330501.02,501.02,59,British Columbia / Colombie-Britannique,933,59933,Vancouver,B,9330501.02,501.02,1243,1019997,102443,8536.92,14.56,17.32,248.6
2093,9330184.12,184.12,59,British Columbia / Colombie-Britannique,933,59933,Vancouver,B,9330184.12,184.12,1014,642238,86272,7189.33,14.10,3.33,202.8
4233,9330506.02,506.02,59,British Columbia / Colombie-Britannique,933,59933,Vancouver,B,9330506.02,506.02,985,541616,74035,6169.58,15.97,2.48,197
5087,9330170.05,170.05,59,British Columbia / Colombie-Britannique,933,59933,Vancouver,B,9330170.05,170.05,1055,322739,44006,3667.17,28.77,1.37,211
2162,9330187.15,187.15,59,British Columbia / Colombie-Britannique,933,59933,Vancouver,B,9330187.15,187.15,868,651389,79232,6602.67,13.15,3.41,173.6
5095,9330054.01,54.01,59,British Columbia / Colombie-Britannique,933,59933,Vancouver,B,9330054.01,54.01,1143,1284993,78976,6581.33,17.37,21.82,228.6
5078,9330133.01,133.01,59,British Columbia / Colombie-Britannique,933,59933,Vancouver,B,9330133.01,133.01,1586,2008194,127488,10624.00,14.93,34.10,317.2
1928,9330504.1,504.1,59,British Columbia / Colombie-Britannique,933,59933,Vancouver,B,9330504.1,504.1,1190,432007,75904,6325.33,18.81,1.83,238
5180,9330204.02,204.02,59,British Columbia / Colombie-Britannique,933,59933,Vancouver,B,9330204.02,204.02,983,755478,48474,4039.50,24.33,4.29,196.6
2073,9330200,200,59,British Columbia / Colombie-Britannique,933,59933,Vancouver,B,9330200,200,1214,725290,94805,7900.42,15.37,4.04,242.8
4205,9330282.02,282.02,59,British Columbia / Colombie-Britannique,933,59933,Vancouver,B,9330282.02,282.02,1039,530147,66406,5533.83,18.78,2.38,207.8
1952,9330504.11,504.11,59,British Columbia / Colombie-Britannique,933,59933,Vancouver,B,9330504.11,504.11,1346,656705,93824,7818.67,17.22,3.45,269.2
5332,9330260.06,260.06,59,British Columbia / Colombie-Britannique,933,59933,Vancouver,B,9330260.06,260.06,1435,1304546,121161,10096.75,14.21,22.15,287
2090,9330046,46,59,British Columbia / Colombie-Britannique,933,59933,Vancouver,B,9330046,46,1301,974976,61600,5133.33,25.34,6.16,260.2
4228,9330292.01,292.01,59,British Columbia / Colombie-Britannique,933,59933,Vancouver,B,9330292.01,292.01,1315,796770,106338,8861.50,14.84,4.64,263
5675,9330189.09,189.09,59,British Columbia / Colombie-Britannique,933,59933,Vancouver,B,9330189.09,189.09,909,685081,83968,6997.33,12.99,3.69,181.8
4207,9330260.1,260.1,59,British Columbia / Colombie-Britannique,933,59933,Vancouver,B,9330260.1,260.1,1568,513966,82409,6867.42,22.83,2.24,313.6
3407,9330111.02,111.02,59,British Columbia / Colombie-Britannique,933,59933,Vancouver,B,9330111.02,111.02,1467,1255667,112407,9367.25,15.66,21.32,293.4
3749,9330286.03,286.03,59,British Columbia / Colombie-Britannique,933,59933,Vancouver,B,9330286.03,286.03,1393,1119663,114176,9514.67,14.64,19.01,278.6
5559,9330170.08,170.08,59,British Columbia / Colombie-Britannique,933,59933,Vancouver,B,9330170.08,170.08,1376,1178220,81888,6824.00,20.16,20.01,275.2
3772,9330230.02,230.02,59,British Columbia / Colombie-Britannique,933,59933,Vancouver,B,9330230.02,230.02,867,1022112,63762,5313.50,16.32,17.36,173.4
5669,9330182.05,182.05,59,British Columbia / Colombie-Britannique,933,59933,Vancouver,B,9330182.05,182.05,1128,857226,98773,8231.08,13.70,5.16,225.6
2932,9330050.02,50.02,59,British Columbia / Colombie-Britannique,933,59933,Vancouver,B,9330050.02,50.02,1008,754409,50670,4222.50,23.87,4.28,201.6
1927,9330504.09,504.09,59,British Columbia / Colombie-Britannique,933,59933,Vancouver,B,9330504.09,504.09,1277,851510,113075,9422.92,13.55,5.11,255.4
3746,9330281.02,281.02,59,British Columbia / Colombie-Britannique,933,59933,Vancouver,B,9330281.02,281.02,1176,799315,80071,6672.58,17.62,4.66,235.2
3344,9330161.09,161.09,59,British Columbia / Colombie-Britannique,933,59933,Vancouver,B,9330161.09,161.09,1304,1076480,90368,7530.67,17.32,18.28,260.8
2147,9330187.16,187.16,59,British Columbia / Colombie-Britannique,933,59933,Vancouver,B,9330187.16,187.16,1023,697668,94208,7850.67,13.03,3.80,204.6
2118,9330241,241,59,British Columbia / Colombie-Britannique,933,59933,Vancouver,B,9330241,241,1170,1159498,72747,6062.25,19.30,19.69,234
531,9330101.03,101.03,59,British Columbia / Colombie-Britannique,933,59933,Vancouver,B,9330101.03,101.03,1201,476098,55050,4587.50,26.18,2.02,240.2
3965,9330503.03,503.03,59,British Columbia / Colombie-Britannique,933,59933,Vancouver,B,9330503.03,503.03,1319,661907,96000,8000.00,16.49,3.50,263.8
5649,9330182.03,182.03,59,British Columbia / Colombie-Britannique,933,59933,Vancouver,B,9330182.03,182.03,1062,1034313,102502,8541.83,12.43,17.56,212.4
5409,9330101.06,101.06,59,British Columbia / Colombie-Britannique,933,59933,Vancouver,B,9330101.06,101.06,1343,656758,62938,5244.83,25.61,3.45,268.6
3481,9330183.01,183.01,59,British Columbia / Colombie-Britannique,933,59933,Vancouver,B,9330183.01,183.01,1196,739130,97280,8106.67,14.75,4.15,239.2
5671,9330184.06,184.06,59,British Columbia / Colombie-Britannique,933,59933,Vancouver,B,9330184.06,184.06,776,798172,71607,5967.25,13.00,4.65,155.2
4187,9330505.01,505.01,59,British Columbia / Colombie-Britannique,933,59933,Vancouver,B,9330505.01,505.01,1515,941514,108672,9056.00,16.73,5.87,303
3785,9330403.01,403.01,59,British Columbia / Colombie-Britannique,933,59933,Vancouver,B,9330403.01,403.01,1218,533865,85402,7116.83,17.11,2.41,243.6
1959,9330239.02,239.02,59,British Columbia / Colombie-Britannique,933,59933,Vancouver,B,9330239.02,239.02,1280,425860,67212,5601.00,22.85,1.81,256
4945,9330050.04,50.04,59,British Columbia / Colombie-Britannique,933,59933,Vancouver,B,9330050.04,50.04,999,394436,43995,3666.25,27.25,1.67,199.8
5066,9330240.02,240.02,59,British Columbia / Colombie-Britannique,933,59933,Vancouver,B,9330240.02,240.02,1012,1121975,72590,6049.17,16.73,19.05,202.4
2951,9330163.01,163.01,59,British Columbia / Colombie-Britannique,933,59933,Vancouver,B,9330163.01,163.01,1204,798879,102473,8539.42,14.10,4.66,240.8
3845,9330290.05,290.05,59,British Columbia / Colombie-Britannique,933,59933,Vancouver,B,9330290.05,290.05,1312,742851,98048,8170.67,16.06,4.18,262.4
2075,9330202,202,59,British Columbia / Colombie-Britannique,933,59933,Vancouver,B,9330202,202,1283,408333,68312,5692.67,22.54,1.73,256.6
2140,9330068,68,59,British Columbia / Colombie-Britannique,933,59933,Vancouver,B,9330068,68,1306,757220,50667,4222.25,30.93,4.31,261.2
5086,9330170.04,170.04,59,British Columbia / Colombie-Britannique,933,59933,Vancouver,B,9330170.04,170.04,1397,1392680,82034,6836.17,20.44,23.65,279.4
666,9330292.03,292.03,59,British Columbia / Colombie-Britannique,933,59933,Vancouver,B,9330292.03,292.03,1208,756882,99712,8309.33,14.54,4.30,241.6
4121,9330163.04,163.04,59,British Columbia / Colombie-Britannique,933,59933,Vancouver,B,9330163.04,163.04,1273,835135,106688,8890.67,14.32,4.97,254.6
5699,9330402.04,402.04,59,British Columbia / Colombie-Britannique,933,59933,Vancouver,B,9330402.04,402.04,1244,568563,87904,7325.33,16.98,2.70,248.8
2496,9330181.11,181.11,59,British Columbia / Colombie-Britannique,933,59933,Vancouver,B,9330181.11,181.11,1064,597766,51566,4297.17,24.76,2.95,212.8
4941,9330041.02,41.02,59,British Columbia / Colombie-Britannique,933,59933,Vancouver,B,9330041.02,41.02,1590,1201903,81385,6782.08,23.44,20.41,318
5564,9330184.07,184.07,59,British Columbia / Colombie-Britannique,933,59933,Vancouver,B,9330184.07,184.07,909,499391,62541,5211.75,17.44,2.12,181.8
2921,9330160.04,160.04,59,British Columbia / Colombie-Britannique,933,59933,Vancouver,B,9330160.04,160.04,1374,926059,77653,6471.08,21.23,5.74,274.8
4114,9330031.01,31.01,59,British Columbia / Colombie-Britannique,933,59933,Vancouver,B,9330031.01,31.01,1416,1921715,86144,7178.67,19.73,32.63,283.2
2221,9330059.09,59.09,59,British Columbia / Colombie-Britannique,933,59933,Vancouver,B,9330059.09,59.09,1369,705201,55936,4661.33,29.37,3.86,273.8
3745,9330281.01,281.01,59,British Columbia / Colombie-Britannique,933,59933,Vancouver,B,9330281.01,281.01,1338,1010425,100890,8407.50,15.91,17.16,267.6
2172,9330191.06,191.06,59,British Columbia / Colombie-Britannique,933,59933,Vancouver,B,9330191.06,191.06,938,353267,52626,4385.50,21.39,1.50,187.6
5458,9330183.06,183.06,59,British Columbia / Colombie-Britannique,933,59933,Vancouver,B,9330183.06,183.06,1322,456721,79214,6601.17,20.03,1.94,264.4
4186,9330184.16,184.16,59,British Columbia / Colombie-Britannique,933,59933,Vancouver,B,9330184.16,184.16,907,777444,86699,7224.92,12.55,4.48,181.4
4830,9330001.01,1.01,59,British Columbia / Colombie-Britannique,933,59933,Vancouver,B,9330001.01,1.01,1053,692640,72141,6011.75,17.52,3.76,210.6
4168,9330002.01,2.01,59,British Columbia / Colombie-Britannique,933,59933,Vancouver,B,9330002.01,2.01,1148,1051731,72448,6037.33,19.02,17.86,229.6
3783,9330291.02,291.02,59,British Columbia / Colombie-Britannique,933,59933,Vancouver,B,9330291.02,291.02,1207,671218,82733,6894.42,17.51,3.58,241.4
5563,9330400.06,400.06,59,British Columbia / Colombie-Britannique,933,59933,Vancouver,B,9330400.06,400.06,1331,617771,106880,8906.67,14.94,3.12,266.2
592,9330292.04,292.04,59,British Columbia / Colombie-Britannique,933,59933,Vancouver,B,9330292.04,292.04,1388,683157,97229,8102.42,17.13,3.68,277.6
1611,9330005,5,59,British Columbia / Colombie-Britannique,933,59933,Vancouver,B,9330005,5,994,467625,44160,3680.00,27.01,1.99,198.8
3478,9330162.01,162.01,59,British Columbia / Colombie-Britannique,933,59933,Vancouver,B,9330162.01,162.01,1269,818516,100864,8405.33,15.10,4.83,253.8
2141,9330185.19,185.19,59,British Columbia / Colombie-Britannique,933,59933,Vancouver,B,9330185.19,185.19,944,511637,74778,6231.50,15.15,2.22,188.8
4122,9330181.03,181.03,59,British Columbia / Colombie-Britannique,933,59933,Vancouver,B,9330181.03,181.03,1355,1938430,98432,8202.67,16.52,32.92,271
5561,9330114.02,114.02,59,British Columbia / Colombie-Britannique,933,59933,Vancouver,B,9330114.02,114.02,1486,1297010,114624,9552.00,15.56,22.02,297.2
5647,9330182.01,182.01,59,British Columbia / Colombie-Britannique,933,59933,Vancouver,B,9330182.01,182.01,1140,1263262,98240,8186.67,13.93,21.45,228
2946,9330286.01,286.01,59,British Columbia / Colombie-Britannique,933,59933,Vancouver,B,9330286.01,286.01,1217,1181666,95415,7951.25,15.31,20.07,243.4
1335,9330404.01,404.01,59,British Columbia / Colombie-Britannique,933,59933,Vancouver,B,9330404.01,404.01,1307,835481,98487,8207.25,15.92,4.97,261.4
2271,9330141.01,141.01,59,British Columbia / Colombie-Britannique,933,59933,Vancouver,B,9330141.01,141.01,1266,1101567,84053,7004.42,18.07,18.71,253.2
2134,9330062,62,59,British Columbia / Colombie-Britannique,933,59933,Vancouver,B,9330062,62,1448,701897,58423,4868.58,29.74,3.84,289.6
4462,9330181.16,181.16,59,British Columbia / Colombie-Britannique,933,59933,Vancouver,B,9330181.16,181.16,1306,793907,80567,6713.92,19.45,4.62,261.2
2137,9330064,64,59,British Columbia / Colombie-Britannique,933,59933,Vancouver,B,9330064,64,1180,496535,48768,4064.00,29.04,2.11,236
3479,9330162.02,162.02,59,British Columbia / Colombie-Britannique,933,59933,Vancouver,B,9330162.02,162.02,1206,874431,103834,8652.83,13.94,5.30,241.2
2113,9330029,29,59,British Columbia / Colombie-Britannique,933,59933,Vancouver,B,9330029,29,1483,1793194,83861,6988.42,21.22,30.45,296.6
4730,9330001.02,1.02,59,British Columbia / Colombie-Britannique,933,59933,Vancouver,B,9330001.02,1.02,1182,762082,76826,6402.17,18.46,4.35,236.4
4185,9330184.15,184.15,59,British Columbia / Colombie-Britannique,933,59933,Vancouver,B,9330184.15,184.15,919,826958,101530,8460.83,10.86,4.90,183.8
3747,9330285.01,285.01,59,British Columbia / Colombie-Britannique,933,59933,Vancouver,B,9330285.01,285.01,990,563066,44203,3683.58,26.88,2.66,198
2133,9330061,61,59,British Columbia / Colombie-Britannique,933,59933,Vancouver,B,9330061,61,1302,696217,51531,4294.25,30.32,3.79,260.4
2085,9330113,113,59,British Columbia / Colombie-Britannique,933,59933,Vancouver,B,9330113,113,1301,1094371,84928,7077.33,18.38,18.58,260.2
1441,9330504.08,504.08,59,British Columbia / Colombie-Britannique,933,59933,Vancouver,B,9330504.08,504.08,1335,674109,92928,7744.00,17.24,3.60,267
522,9330400.04,400.04,59,British Columbia / Colombie-Britannique,933,59933,Vancouver,B,9330400.04,400.04,1417,724709,110208,9184.00,15.43,4.03,283.4
4204,9330282.01,282.01,59,British Columbia / Colombie-Britannique,933,59933,Vancouver,B,9330282.01,282.01,1177,850411,71168,5930.67,19.85,5.10,235.4
4120,9330055.01,55.01,59,British Columbia / Colombie-Britannique,933,59933,Vancouver,B,9330055.01,55.01,1044,829038,55698,4641.50,22.49,4.92,208.8
2015,9330063,63,59,British Columbia / Colombie-Britannique,933,59933,Vancouver,B,9330063,63,1318,557429,52425,4368.75,30.17,2.61,263.6
5635,9330188.04,188.04,59,British Columbia / Colombie-Britannique,933,59933,Vancouver,B,9330188.04,188.04,989,948325,88320,7360.00,13.44,5.93,197.8
3748,9330285.02,285.02,59,British Columbia / Colombie-Britannique,933,59933,Vancouver,B,9330285.02,285.02,1286,1298450,99157,8263.08,15.56,22.05,257.2
5700,9330101.05,101.05,59,British Columbia / Colombie-Britannique,933,59933,Vancouver,B,9330101.05,101.05,1326,737328,67188,5599.00,23.68,4.14,265.2
2993,9330186.01,186.01,59,British Columbia / Colombie-Britannique,933,59933,Vancouver,B,9330186.01,186.01,971,807701,76325,6360.42,15.27,4.74,194.2
2937,9330100.01,100.01,59,British Columbia / Colombie-Britannique,933,59933,Vancouver,B,9330100.01,100.01,1358,1258347,80000,6666.67,20.37,21.37,271.6
5687,9330161.06,161.06,59,British Columbia / Colombie-Britannique,933,59933,Vancouver,B,9330161.06,161.06,1533,936181,99285,8273.75,18.53,5.83,306.6
2450,9330191.07,191.07,59,British Columbia / Colombie-Britannique,933,59933,Vancouver,B,9330191.07,191.07,927,304453,44325,3693.75,25.10,1.29,185.4
2170,9330150,150,59,British Columbia / Colombie-Britannique,933,59933,Vancouver,B,9330150,150,1599,926113,102400,8533.33,18.74,5.74,319.8
4158,9330235.02,235.02,59,British Columbia / Colombie-Britannique,933,59933,Vancouver,B,9330235.02,235.02,1328,707075,85760,7146.67,18.58,3.88,265.6
3847,9330250.01,250.01,59,British Columbia / Colombie-Britannique,933,59933,Vancouver,B,9330250.01,250.01,1397,942977,89856,7488.00,18.66,5.88,279.4
4039,9330400.09,400.09,59,British Columbia / Colombie-Britannique,933,59933,Vancouver,B,9330400.09,400.09,1398,846591,102016,8501.33,16.44,5.07,279.6
5097,9330056.01,56.01,59,British Columbia / Colombie-Britannique,933,59933,Vancouver,B,9330056.01,56.01,967,603709,41293,3441.08,28.10,3.00,193.4
187,9330180.01,180.01,59,British Columbia / Colombie-Britannique,933,59933,Vancouver,B,9330180.01,180.01,1653,1083215,106212,8851.00,18.68,18.39,330.6
2074,9330201,201,59,British Columbia / Colombie-Britannique,933,59933,Vancouver,B,9330201,201,1110,1104717,81152,6762.67,16.41,18.76,222
2222,9330059.1,59.1,59,British Columbia / Colombie-Britannique,933,59933,Vancouver,B,9330059.1,59.1,1478,651930,62771,5230.92,28.26,3.41,295.6
5636,9330188.05,188.05,59,British Columbia / Colombie-Britannique,933,59933,Vancouver,B,9330188.05,188.05,1131,1077596,106138,8844.83,12.79,18.30,226.2
724,9330222.02,222.02,59,British Columbia / Colombie-Britannique,933,59933,Vancouver,B,9330222.02,222.02,1297,543804,74470,6205.83,20.90,2.49,259.4
5275,9330110.02,110.02,59,British Columbia / Colombie-Britannique,933,59933,Vancouver,B,9330110.02,110.02,1697,1540481,120768,10064.00,16.86,26.16,339.4
5347,9330260.08,260.08,59,British Columbia / Colombie-Britannique,933,59933,Vancouver,B,9330260.08,260.08,1565,1070053,124300,10358.33,15.11,18.17,313
5629,9330185.15,185.15,59,British Columbia / Colombie-Britannique,933,59933,Vancouver,B,9330185.15,185.15,809,622971,69146,5762.17,14.04,3.17,161.8
2094,9330184.13,184.13,59,British Columbia / Colombie-Britannique,933,59933,Vancouver,B,9330184.13,184.13,1206,880172,97728,8144.00,14.81,5.35,241.2
1747,9330002.04,2.04,59,British Columbia / Colombie-Britannique,933,59933,Vancouver,B,9330002.04,2.04,1173,1136867,81701,6808.42,17.23,19.30,234.6
3373,9330100.02,100.02,59,British Columbia / Colombie-Britannique,933,59933,Vancouver,B,9330100.02,100.02,1364,963515,75315,6276.25,21.73,6.06,272.8
2999,9330221.01,221.01,59,British Columbia / Colombie-Britannique,933,59933,Vancouver,B,9330221.01,221.01,1374,1376781,98688,8224.00,16.71,23.38,274.8
995,9330503.07,503.07,59,British Columbia / Colombie-Britannique,933,59933,Vancouver,B,9330503.07,503.07,809,223557,32117,2676.42,30.23,0.95,161.8
2185,9330051.01,51.01,59,British Columbia / Colombie-Britannique,933,59933,Vancouver,B,9330051.01,51.01,1233,1303033,78746,6562.17,18.79,22.13,246.6
5663,9330187.05,187.05,59,British Columbia / Colombie-Britannique,933,59933,Vancouver,B,9330187.05,187.05,821,826197,75959,6329.92,12.97,4.89,164.2
2191,9330067.01,67.01,59,British Columbia / Colombie-Britannique,933,59933,Vancouver,B,9330067.01,67.01,1103,629413,43989,3665.75,30.09,3.22,220.6
5077,9330053.02,53.02,59,British Columbia / Colombie-Britannique,933,59933,Vancouver,B,9330053.02,53.02,1227,1227481,77894,6491.17,18.90,20.84,245.4
2129,9330187.12,187.12,59,British Columbia / Colombie-Britannique,933,59933,Vancouver,B,9330187.12,187.12,1082,622545,82798,6899.83,15.68,3.16,216.4
2239,9330229,229,59,British Columbia / Colombie-Britannique,933,59933,Vancouver,B,9330229,229,1102,998769,69717,5809.75,18.97,6.36,220.4
3117,9330190.01,190.01,59,British Columbia / Colombie-Britannique,933,59933,Vancouver,B,9330190.01,190.01,1035,345368,54408,4534.00,22.83,1.47,207
3771,9330230.01,230.01,59,British Columbia / Colombie-Britannique,933,59933,Vancouver,B,9330230.01,230.01,1357,1076140,97728,8144.00,16.66,18.27,271.4
2203,9330242,242,59,British Columbia / Colombie-Britannique,933,59933,Vancouver,B,9330242,242,1143,1397929,68324,5693.67,20.07,23.74,228.6
5103,9330060.02,60.02,59,British Columbia / Colombie-Britannique,933,59933,Vancouver,B,9330060.02,60.02,1282,609583,49998,4166.50,30.77,3.05,256.4
3987,9330500.02,500.02,59,British Columbia / Colombie-Britannique,933,59933,Vancouver,B,9330500.02,500.02,1258,994861,81568,6797.33,18.51,6.32,251.6
2103,9330058,58,59,British Columbia / Colombie-Britannique,933,59933,Vancouver,B,9330058,58,560,679218,17051,1420.92,39.41,3.64,112
5661,9330186.08,186.08,59,British Columbia / Colombie-Britannique,933,59933,Vancouver,B,9330186.08,186.08,883,620673,71145,5928.75,14.89,3.15,176.6
5102,9330060.01,60.01,59,British Columbia / Colombie-Britannique,933,59933,Vancouver,B,9330060.01,60.01,1368,609697,53299,4441.58,30.80,3.05,273.6
5662,9330187.04,187.04,59,British Columbia / Colombie-Britannique,933,59933,Vancouver,B,9330187.04,187.04,903,720343,79744,6645.33,13.59,3.99,180.6
5045,9330228.04,228.04,59,British Columbia / Colombie-Britannique,933,59933,Vancouver,B,9330228.04,228.04,1020,649707,53056,4421.33,23.07,3.39,204
5565,9330184.08,184.08,59,British Columbia / Colombie-Britannique,933,59933,Vancouver,B,9330184.08,184.08,994,593514,79057,6588.08,15.09,2.92,198.8
2947,9330286.02,286.02,59,British Columbia / Colombie-Britannique,933,59933,Vancouver,B,9330286.02,286.02,1317,847446,97024,8085.33,16.29,5.07,263.4
5655,9330184.09,184.09,59,British Columbia / Colombie-Britannique,933,59933,Vancouver,B,9330184.09,184.09,951,752176,88960,7413.33,12.83,4.26,190.2
5043,9330227.02,227.02,59,British Columbia / Colombie-Britannique,933,59933,Vancouver,B,9330227.02,227.02,1035,446772,50096,4174.67,24.79,1.90,207
2994,9330186.02,186.02,59,British Columbia / Colombie-Britannique,933,59933,Vancouver,B,9330186.02,186.02,940,739487,70016,5834.67,16.11,4.16,188
5583,9330189.05,189.05,59,British Columbia / Colombie-Britannique,933,59933,Vancouver,B,9330189.05,189.05,970,350808,53632,4469.33,21.70,1.49,194
5634,9330188.02,188.02,59,British Columbia / Colombie-Britannique,933,59933,Vancouver,B,9330188.02,188.02,968,952796,91776,7648.00,12.66,5.97,193.6
4936,9330037.01,37.01,59,British Columbia / Colombie-Britannique,933,59933,Vancouver,B,9330037.01,37.01,1226,1229536,70869,5905.75,20.76,20.88,245.2
4115,9330031.02,31.02,59,British Columbia / Colombie-Britannique,933,59933,Vancouver,B,9330031.02,31.02,1288,1256278,82816,6901.33,18.66,21.33,257.6
5588,9330410.04,410.04,59,British Columbia / Colombie-Britannique,933,59933,Vancouver,B,9330410.04,410.04,1295,783607,77248,6437.33,20.12,4.53,259
5560,9330114.01,114.01,59,British Columbia / Colombie-Britannique,933,59933,Vancouver,B,9330114.01,114.01,1809,1335261,134656,11221.33,16.12,22.67,361.8
2089,9330181.14,181.14,59,British Columbia / Colombie-Britannique,933,59933,Vancouver,B,9330181.14,181.14,1367,571762,72474,6039.50,22.63,2.73,273.4
2494,9330032,32,59,British Columbia / Colombie-Britannique,933,59933,Vancouver,B,9330032,32,1218,1082701,72802,6066.83,20.08,18.38,243.6
4118,9330045.01,45.01,59,British Columbia / Colombie-Britannique,933,59933,Vancouver,B,9330045.01,45.01,1707,1639284,87836,7319.67,23.32,27.84,341.4
2086,9330115,115,59,British Columbia / Colombie-Britannique,933,59933,Vancouver,B,9330115,115,1582,1116516,103595,8632.92,18.33,18.96,316.4
5558,9330170.07,170.07,59,British Columbia / Colombie-Britannique,933,59933,Vancouver,B,9330170.07,170.07,1364,981314,77696,6474.67,21.07,6.21,272.8
5553,9330181.08,181.08,59,British Columbia / Colombie-Britannique,933,59933,Vancouver,B,9330181.08,181.08,1623,1458000,107605,8967.08,18.10,24.76,324.6
4091,9330111.05,111.05,59,British Columbia / Colombie-Britannique,933,59933,Vancouver,B,9330111.05,111.05,1499,1022867,92562,7713.50,19.43,17.37,299.8
5370,9330260.04,260.04,59,British Columbia / Colombie-Britannique,933,59933,Vancouver,B,9330260.04,260.04,1461,910749,94912,7909.33,18.47,5.61,292.2
2219,9330059.07,59.07,59,British Columbia / Colombie-Britannique,933,59933,Vancouver,B,9330059.07,59.07,1984,1356732,92599,7716.58,25.71,23.04,396.8
2144,9330103,103,59,British Columbia / Colombie-Britannique,933,59933,Vancouver,B,9330103,103,1262,819185,59776,4981.33,25.33,4.83,252.4
5684,9330185.09,185.09,59,British Columbia / Colombie-Britannique,933,59933,Vancouver,B,9330185.09,185.09,1010,448976,64461,5371.75,18.80,1.91,202
2244,9330233,233,59,British Columbia / Colombie-Britannique,933,59933,Vancouver,B,9330233,233,1059,1180386,77995,6499.58,16.29,20.04,211.8
4809,9330185.05,185.05,59,British Columbia / Colombie-Britannique,933,59933,Vancouver,B,9330185.05,185.05,871,613155,60595,5049.58,17.25,3.08,174.2
2084,9330112,112,59,British Columbia / Colombie-Britannique,933,59933,Vancouver,B,9330112,112,1554,1263376,88448,7370.67,21.08,21.45,310.8
2304,9330239.01,239.01,59,British Columbia / Colombie-Britannique,933,59933,Vancouver,B,9330239.01,239.01,1146,1463523,81280,6773.33,16.92,24.85,229.2
4967,9330224.01,224.01,59,British Columbia / Colombie-Britannique,933,59933,Vancouver,B,9330224.01,224.01,914,481607,44442,3703.50,24.68,2.04,182.8
2102,9330019,19,59,British Columbia / Colombie-Britannique,933,59933,Vancouver,B,9330019,19,1253,1806306,70617,5884.75,21.29,30.67,250.6
5631,9330187.06,187.06,59,British Columbia / Colombie-Britannique,933,59933,Vancouver,B,9330187.06,187.06,1071,762228,81152,6762.67,15.84,4.35,214.2
2143,9330185.21,185.21,59,British Columbia / Colombie-Britannique,933,59933,Vancouver,B,9330185.21,185.21,909,483185,60032,5002.67,18.17,2.05,181.8
2114,9330030,30,59,British Columbia / Colombie-Britannique,933,59933,Vancouver,B,9330030,30,1428,1720455,89549,7462.42,19.14,29.21,285.6
5632,9330187.07,187.07,59,British Columbia / Colombie-Britannique,933,59933,Vancouver,B,9330187.07,187.07,1183,973871,112384,9365.33,12.63,6.15,236.6
5083,9330163.07,163.07,59,British Columbia / Colombie-Britannique,933,59933,Vancouver,B,9330163.07,163.07,1157,676874,85376,7114.67,16.26,3.62,231.4
752,9330287.11,287.11,59,British Columbia / Colombie-Britannique,933,59933,Vancouver,B,9330287.11,287.11,1389,837378,94771,7897.58,17.59,4.99,277.8
2138,9330065,65,59,British Columbia / Colombie-Britannique,933,59933,Vancouver,B,9330065,65,1304,645281,50613,4217.75,30.92,3.36,260.8
5673,9330189.07,189.07,59,British Columbia / Colombie-Britannique,933,59933,Vancouver,B,9330189.07,189.07,1160,357888,64832,5402.67,21.47,1.52,232
1403,9330059.14,59.14,59,British Columbia / Colombie-Britannique,933,59933,Vancouver,B,9330059.14,59.14,1803,756218,78822,6568.50,27.45,4.30,360.6
2883,9330284.02,284.02,59,British Columbia / Colombie-Britannique,933,59933,Vancouver,B,9330284.02,284.02,1197,889162,69171,5764.25,20.77,5.43,239.4
4421,9330189.03,189.03,59,British Columbia / Colombie-Britannique,933,59933,Vancouver,B,9330189.03,189.03,1220,605325,86682,7223.50,16.89,3.02,244
5590,9330191.04,191.04,59,British Columbia / Colombie-Britannique,933,59933,Vancouver,B,9330191.04,191.04,941,418695,48540,4045.00,23.26,1.78,188.2
5686,9330185.11,185.11,59,British Columbia / Colombie-Britannique,933,59933,Vancouver,B,9330185.11,185.11,869,541061,64224,5352.00,16.24,2.47,173.8
4807,9330187.03,187.03,59,British Columbia / Colombie-Britannique,933,59933,Vancouver,B,9330187.03,187.03,1020,746399,80235,6686.25,15.26,4.21,204
947,9330180.04,180.04,59,British Columbia / Colombie-Britannique,933,59933,Vancouver,B,9330180.04,180.04,1711,791955,93139,7761.58,22.04,4.60,342.2
5628,9330185.12,185.12,59,British Columbia / Colombie-Britannique,933,59933,Vancouver,B,9330185.12,185.12,970,722232,84896,7074.67,13.71,4.01,194
2205,9330220,220,59,British Columbia / Colombie-Britannique,933,59933,Vancouver,B,9330220,220,1179,1154592,84480,7040.00,16.75,19.61,235.8
183,9330187.11,187.11,59,British Columbia / Colombie-Britannique,933,59933,Vancouver,B,9330187.11,187.11,1254,459308,81338,6778.17,18.50,1.95,250.8
5096,9330054.02,54.02,59,British Columbia / Colombie-Britannique,933,59933,Vancouver,B,9330054.02,54.02,1137,1355213,78144,6512.00,17.46,23.01,227.4
3846,9330287.06,287.06,59,British Columbia / Colombie-Britannique,933,59933,Vancouver,B,9330287.06,287.06,981,881963,57792,4816.00,20.37,5.37,196.2
2112,9330028,28,59,British Columbia / Colombie-Britannique,933,59933,Vancouver,B,9330028,28,1571,3083415,98048,8170.67,19.23,52.36,314.2
2920,9330160.03,160.03,59,British Columbia / Colombie-Britannique,933,59933,Vancouver,B,9330160.03,160.03,1650,1183707,101696,8474.67,19.47,20.10,330
2179,9330033.02,33.02,59,British Columbia / Colombie-Britannique,933,59933,Vancouver,B,9330033.02,33.02,1019,1286384,70827,5902.25,17.26,21.84,203.8
4117,9330034.02,34.02,59,British Columbia / Colombie-Britannique,933,59933,Vancouver,B,9330034.02,34.02,1059,1263529,72290,6024.17,17.58,21.46,211.8
4808,9330181.07,181.07,59,British Columbia / Colombie-Britannique,933,59933,Vancouver,B,9330181.07,181.07,1716,1416597,114773,9564.42,17.94,24.05,343.2
2245,9330234,234,59,British Columbia / Colombie-Britannique,933,59933,Vancouver,B,9330234,234,1261,1097982,90766,7563.83,16.67,18.64,252.2
3848,9330250.02,250.02,59,British Columbia / Colombie-Britannique,933,59933,Vancouver,B,9330250.02,250.02,1843,1811024,131413,10951.08,16.83,30.75,368.6
3827,9330287.02,287.02,59,British Columbia / Colombie-Britannique,933,59933,Vancouver,B,9330287.02,287.02,1567,1043964,111403,9283.58,16.88,17.73,313.4
5088,9330221.03,221.03,59,British Columbia / Colombie-Britannique,933,59933,Vancouver,B,9330221.03,221.03,1253,1495499,86101,7175.08,17.46,25.39,250.6
2072,9330192,192,59,British Columbia / Colombie-Britannique,933,59933,Vancouver,B,9330192,192,1013,664735,66645,5553.75,18.24,3.52,202.6
5677,9330190.04,190.04,59,British Columbia / Colombie-Britannique,933,59933,Vancouver,B,9330190.04,190.04,1129,724453,78592,6549.33,17.24,4.03,225.8
5672,9330189.06,189.06,59,British Columbia / Colombie-Britannique,933,59933,Vancouver,B,9330189.06,189.06,1040,551600,72141,6011.75,17.30,2.56,208
5082,9330163.06,163.06,59,British Columbia / Colombie-Britannique,933,59933,Vancouver,B,9330163.06,163.06,1052,779343,74016,6168.00,17.06,4.49,210.4
2272,9330141.02,141.02,59,British Columbia / Colombie-Britannique,933,59933,Vancouver,B,9330141.02,141.02,1837,714920,85931,7160.92,25.65,3.95,367.4
4125,9330111.07,111.07,59,British Columbia / Colombie-Britannique,933,59933,Vancouver,B,9330111.07,111.07,1576,754597,91904,7658.67,20.58,4.28,315.2
5682,9330287.15,287.15,59,British Columbia / Colombie-Britannique,933,59933,Vancouver,B,9330287.15,287.15,1186,547880,64320,5360.00,22.13,2.53,237.2
5659,9330186.06,186.06,59,British Columbia / Colombie-Britannique,933,59933,Vancouver,B,9330186.06,186.06,912,779536,73600,6133.33,14.87,4.50,182.4
5064,9330235.04,235.04,59,British Columbia / Colombie-Britannique,933,59933,Vancouver,B,9330235.04,235.04,1177,361847,60463,5038.58,23.36,1.54,235.4
4227,9330181.05,181.05,59,British Columbia / Colombie-Britannique,933,59933,Vancouver,B,9330181.05,181.05,1313,537969,62080,5173.33,25.38,2.44,262.6
2157,9330033.01,33.01,59,British Columbia / Colombie-Britannique,933,59933,Vancouver,B,9330033.01,33.01,1317,1175085,81636,6803.00,19.36,19.95,263.4
4893,9330035.02,35.02,59,British Columbia / Colombie-Britannique,933,59933,Vancouver,B,9330035.02,35.02,1027,1135793,64922,5410.17,18.98,19.29,205.4
5100,9330057.02,57.02,59,British Columbia / Colombie-Britannique,933,59933,Vancouver,B,9330057.02,57.02,828,989979,33920,2826.67,29.29,6.28,165.6
5680,9330185.07,185.07,59,British Columbia / Colombie-Britannique,933,59933,Vancouver,B,9330185.07,185.07,1043,907061,89242,7436.83,14.02,5.58,208.6
5125,9330140.03,140.03,59,British Columbia / Colombie-Britannique,933,59933,Vancouver,B,9330140.03,140.03,1249,1072415,73045,6087.08,20.52,18.21,249.8
4937,9330037.02,37.02,59,British Columbia / Colombie-Britannique,933,59933,Vancouver,B,9330037.02,37.02,1233,1080931,64192,5349.33,23.05,18.35,246.6
3003,9330284.01,284.01,59,British Columbia / Colombie-Britannique,933,59933,Vancouver,B,9330284.01,284.01,1081,831557,58453,4871.08,22.19,4.94,216.2
5101,9330059.06,59.06,59,British Columbia / Colombie-Britannique,933,59933,Vancouver,B,9330059.06,59.06,914,644599,27258,2271.50,40.24,3.35,182.8
4138,9330280.02,280.02,59,British Columbia / Colombie-Britannique,933,59933,Vancouver,B,9330280.02,280.02,1510,955567,108117,9009.75,16.76,5.99,302
2247,9330236,236,59,British Columbia / Colombie-Britannique,933,59933,Vancouver,B,9330236,236,1435,1828513,111531,9294.25,15.44,31.05,287
2171,9330191.05,191.05,59,British Columbia / Colombie-Britannique,933,59933,Vancouver,B,9330191.05,191.05,995,841313,71387,5948.92,16.73,5.02,199
5081,9330163.05,163.05,59,British Columbia / Colombie-Britannique,933,59933,Vancouver,B,9330163.05,163.05,1068,724576,72485,6040.42,17.68,4.03,213.6
2248,9330237,237,59,British Columbia / Colombie-Britannique,933,59933,Vancouver,B,9330237,237,1235,1025057,70304,5858.67,21.08,17.41,247
4119,9330045.02,45.02,59,British Columbia / Colombie-Britannique,933,59933,Vancouver,B,9330045.02,45.02,1617,1426894,76096,6341.33,25.50,24.23,323.4
2220,9330059.08,59.08,59,British Columbia / Colombie-Britannique,933,59933,Vancouver,B,9330059.08,59.08,1910,1095068,88789,7399.08,25.81,18.59,382
2232,9330283,283,59,British Columbia / Colombie-Britannique,933,59933,Vancouver,B,9330283,283,1092,877676,54683,4556.92,23.96,5.33,218.4
3483,9330184.02,184.02,59,British Columbia / Colombie-Britannique,933,59933,Vancouver,B,9330184.02,184.02,1132,271411,59536,4961.33,22.82,1.15,226.4
5676,9330189.1,189.1,59,British Columbia / Colombie-Britannique,933,59933,Vancouver,B,9330189.1,189.1,1148,406134,72558,6046.50,18.99,1.72,229.6
2223,9330059.11,59.11,59,British Columbia / Colombie-Britannique,933,59933,Vancouver,B,9330059.11,59.11,1723,745989,65920,5493.33,31.37,4.21,344.6
2001,9330118,118,59,British Columbia / Colombie-Britannique,933,59933,Vancouver,B,9330118,118,1357,1010062,68807,5733.92,23.67,17.15,271.4
4946,9330053.01,53.01,59,British Columbia / Colombie-Britannique,933,59933,Vancouver,B,9330053.01,53.01,1182,1219375,74403,6200.25,19.06,20.71,236.4
2945,9330036.02,36.02,59,British Columbia / Colombie-Britannique,933,59933,Vancouver,B,9330036.02,36.02,1098,1437820,73813,6151.08,17.85,24.41,219.6
4167,9330190.03,190.03,59,British Columbia / Colombie-Britannique,933,59933,Vancouver,B,9330190.03,190.03,1091,476258,58688,4890.67,22.31,2.02,218.2
5065,9330240.01,240.01,59,British Columbia / Colombie-Britannique,933,59933,Vancouver,B,9330240.01,240.01,1475,709307,69646,5803.83,25.41,3.90,295
2145,9330104,104,59,British Columbia / Colombie-Britannique,933,59933,Vancouver,B,9330104,104,1520,1356394,91520,7626.67,19.93,23.03,304
5589,9330191.03,191.03,59,British Columbia / Colombie-Britannique,933,59933,Vancouver,B,9330191.03,191.03,1015,760554,71680,5973.33,16.99,4.33,203
5681,9330185.08,185.08,59,British Columbia / Colombie-Britannique,933,59933,Vancouver,B,9330185.08,185.08,1761,1600130,138459,11538.25,15.26,27.17,352.2
679,9330225.02,225.02,59,British Columbia / Colombie-Britannique,933,59933,Vancouver,B,9330225.02,225.02,1135,536746,55723,4643.58,24.44,2.43,227
2949,9330160.01,160.01,59,British Columbia / Colombie-Britannique,933,59933,Vancouver,B,9330160.01,160.01,1946,1370145,118944,9912.00,19.63,23.27,389.2
5084,9330163.08,163.08,59,British Columbia / Colombie-Britannique,933,59933,Vancouver,B,9330163.08,163.08,1307,757692,91179,7598.25,17.20,4.31,261.4
4093,9330102.02,102.02,59,British Columbia / Colombie-Britannique,933,59933,Vancouver,B,9330102.02,102.02,1507,877174,80710,6725.83,22.41,5.32,301.4
4892,9330035.01,35.01,59,British Columbia / Colombie-Britannique,933,59933,Vancouver,B,9330035.01,35.01,1056,1319720,68693,5724.42,18.45,22.41,211.2
4935,9330016.04,16.04,59,British Columbia / Colombie-Britannique,933,59933,Vancouver,B,9330016.04,16.04,1074,948352,65664,5472.00,19.63,5.93,214.8
2198,9330002.03,2.03,59,British Columbia / Colombie-Britannique,933,59933,Vancouver,B,9330002.03,2.03,1072,1716969,77824,6485.33,16.53,29.15,214.4
2934,9330052.02,52.02,59,British Columbia / Colombie-Britannique,933,59933,Vancouver,B,9330052.02,52.02,1099,1243681,68324,5693.67,19.30,21.12,219.8
2025,9330185.22,185.22,59,British Columbia / Colombie-Britannique,933,59933,Vancouver,B,9330185.22,185.22,817,869785,66867,5572.25,14.66,5.26,163.4
621,9330014.02,14.02,59,British Columbia / Colombie-Britannique,933,59933,Vancouver,B,9330014.02,14.02,872,1387053,53029,4419.08,19.73,23.55,174.4
5126,9330140.04,140.04,59,British Columbia / Colombie-Britannique,933,59933,Vancouver,B,9330140.04,140.04,1402,786401,97280,8106.67,17.29,4.55,280.4
571,9330101.04,101.04,59,British Columbia / Colombie-Britannique,933,59933,Vancouver,B,9330101.04,101.04,1373,549595,53269,4439.08,30.93,2.54,274.6
3480,9330162.03,162.03,59,British Columbia / Colombie-Britannique,933,59933,Vancouver,B,9330162.03,162.03,1069,777219,74272,6189.33,17.27,4.48,213.8
4165,9330243.01,243.01,59,British Columbia / Colombie-Britannique,933,59933,Vancouver,B,9330243.01,243.01,1176,1488987,73877,6156.42,19.10,25.28,235.2
5685,9330185.1,185.1,59,British Columbia / Colombie-Britannique,933,59933,Vancouver,B,9330185.1,185.1,874,717260,66162,5513.50,15.85,3.97,174.8
4960,9330007.01,7.01,59,British Columbia / Colombie-Britannique,933,59933,Vancouver,B,9330007.01,7.01,1302,2249469,73280,6106.67,21.32,38.20,260.4
1618,9330012,12,59,British Columbia / Colombie-Britannique,933,59933,Vancouver,B,9330012,12,1194,1890078,71851,5987.58,19.94,32.09,238.8
2186,9330051.02,51.02,59,British Columbia / Colombie-Britannique,933,59933,Vancouver,B,9330051.02,51.02,1030,1238931,62752,5229.33,19.70,21.04,206
5660,9330186.07,186.07,59,British Columbia / Colombie-Britannique,933,59933,Vancouver,B,9330186.07,186.07,929,791929,75571,6297.58,14.75,4.60,185.8
4965,9330223.01,223.01,59,British Columbia / Colombie-Britannique,933,59933,Vancouver,B,9330223.01,223.01,1232,581353,69427,5785.58,21.29,2.81,246.4
583,9330151.05,151.05,59,British Columbia / Colombie-Britannique,933,59933,Vancouver,B,9330151.05,151.05,1140,860955,77568,6464.00,17.64,5.19,228
3770,9330228.02,228.02,59,British Columbia / Colombie-Britannique,933,59933,Vancouver,B,9330228.02,228.02,1138,1439747,78720,6560.00,17.35,24.45,227.6
2161,9330187.14,187.14,59,British Columbia / Colombie-Britannique,933,59933,Vancouver,B,9330187.14,187.14,1314,344956,66765,5563.75,23.62,1.46,262.8
2160,9330187.13,187.13,59,British Columbia / Colombie-Britannique,933,59933,Vancouver,B,9330187.13,187.13,1148,847022,82859,6904.92,16.63,5.07,229.6
3408,9330130.01,130.01,59,British Columbia / Colombie-Britannique,933,59933,Vancouver,B,9330130.01,130.01,1831,1610414,62357,5196.42,35.24,27.35,366.2
5658,9330186.05,186.05,59,British Columbia / Colombie-Britannique,933,59933,Vancouver,B,9330186.05,186.05,995,612051,67170,5597.50,17.78,3.07,199
1869,9330013.03,13.03,59,British Columbia / Colombie-Britannique,933,59933,Vancouver,B,9330013.03,13.03,1022,1480765,63872,5322.67,19.20,25.14,204.4
4968,9330224.02,224.02,59,British Columbia / Colombie-Britannique,933,59933,Vancouver,B,9330224.02,224.02,872,963277,38891,3240.92,26.91,6.06,174.4
5099,9330057.01,57.01,59,British Columbia / Colombie-Britannique,933,59933,Vancouver,B,9330057.01,57.01,741,583725,24299,2024.92,36.59,2.83,148.2
847,9330287.14,287.14,59,British Columbia / Colombie-Britannique,933,59933,Vancouver,B,9330287.14,287.14,1345,1099059,102997,8583.08,15.67,18.66,269
2115,9330016.05,16.05,59,British Columbia / Colombie-Britannique,933,59933,Vancouver,B,9330016.05,16.05,1058,1142651,58325,4860.42,21.77,19.40,211.6
2943,9330018.02,18.02,59,British Columbia / Colombie-Britannique,933,59933,Vancouver,B,9330018.02,18.02,1213,1336745,74752,6229.33,19.47,22.70,242.6
5678,9330190.05,190.05,59,British Columbia / Colombie-Britannique,933,59933,Vancouver,B,9330190.05,190.05,1063,619772,58368,4864.00,21.85,3.14,212.6
1970,9330042,42,59,British Columbia / Colombie-Britannique,933,59933,Vancouver,B,9330042,42,1624,2141451,85797,7149.75,22.71,36.36,324.8
720,9330226.04,226.04,59,British Columbia / Colombie-Britannique,933,59933,Vancouver,B,9330226.04,226.04,1014,463156,44395,3699.58,27.41,1.97,202.8
2218,9330016.06,16.06,59,British Columbia / Colombie-Britannique,933,59933,Vancouver,B,9330016.06,16.06,1270,384154,55723,4643.58,27.35,1.63,254
2275,9330147.09,147.09,59,British Columbia / Colombie-Britannique,933,59933,Vancouver,B,9330147.09,147.09,1115,383699,55893,4657.75,23.94,1.63,223
2109,9330024,24,59,British Columbia / Colombie-Britannique,933,59933,Vancouver,B,9330024,24,1822,3294287,116395,9699.58,18.78,55.94,364.4
2106,9330021,21,59,British Columbia / Colombie-Britannique,933,59933,Vancouver,B,9330021,21,2006,3563977,143155,11929.58,16.82,60.52,401.2
4957,9330003.02,3.02,59,British Columbia / Colombie-Britannique,933,59933,Vancouver,B,9330003.02,3.02,1056,1379782,67840,5653.33,18.68,23.43,211.2
5674,9330189.08,189.08,59,British Columbia / Colombie-Britannique,933,59933,Vancouver,B,9330189.08,189.08,942,199560,44709,3725.75,25.28,0.85,188.4
2117,9330117,117,59,British Columbia / Colombie-Britannique,933,59933,Vancouver,B,9330117,117,1814,1672705,113971,9497.58,19.10,28.40,362.8
5670,9330182.06,182.06,59,British Columbia / Colombie-Britannique,933,59933,Vancouver,B,9330182.06,182.06,1430,1413543,91392,7616.00,18.78,24.00,286
3521,9330016.01,16.01,59,British Columbia / Colombie-Britannique,933,59933,Vancouver,B,9330016.01,16.01,982,1276170,59959,4996.58,19.65,21.67,196.4
2243,9330232,232,59,British Columbia / Colombie-Britannique,933,59933,Vancouver,B,9330232,232,1257,1453497,86827,7235.58,17.37,24.68,251.4
2116,9330116,116,59,British Columbia / Colombie-Britannique,933,59933,Vancouver,B,9330116,116,2004,1802212,121702,10141.83,19.76,30.60,400.8
608,9330014.01,14.01,59,British Columbia / Colombie-Britannique,933,59933,Vancouver,B,9330014.01,14.01,1019,1274475,64128,5344.00,19.07,21.64,203.8
3860,9330502.02,502.02,59,British Columbia / Colombie-Britannique,933,59933,Vancouver,B,9330502.02,502.02,1481,835116,70699,5891.58,25.14,4.97,296.2
1617,9330011,11,59,British Columbia / Colombie-Britannique,933,59933,Vancouver,B,9330011,11,1086,1420312,63334,5277.83,20.58,24.12,217.2
2151,9330149.08,149.08,59,British Columbia / Colombie-Britannique,933,59933,Vancouver,B,9330149.08,149.08,1301,860392,68096,5674.67,22.93,5.18,260.2
3768,9330226.02,226.02,59,British Columbia / Colombie-Britannique,933,59933,Vancouver,B,9330226.02,226.02,1082,1540814,67738,5644.83,19.17,26.16,216.4
2167,9330188.07,188.07,59,British Columbia / Colombie-Britannique,933,59933,Vancouver,B,9330188.07,188.07,1260,1132805,102016,8501.33,14.82,19.24,252
4077,9330501.01,501.01,59,British Columbia / Colombie-Britannique,933,59933,Vancouver,B,9330501.01,501.01,1540,791579,70656,5888.00,26.15,4.60,308
4942,9330043.01,43.01,59,British Columbia / Colombie-Britannique,933,59933,Vancouver,B,9330043.01,43.01,1577,2643873,75744,6312.00,24.98,44.89,315.4
5657,9330185.16,185.16,59,British Columbia / Colombie-Britannique,933,59933,Vancouver,B,9330185.16,185.16,963,719241,75154,6262.83,15.38,3.98,192.6
2241,9330231,231,59,British Columbia / Colombie-Britannique,933,59933,Vancouver,B,9330231,231,1456,1905544,97719,8143.25,17.88,32.36,291.2
1307,9330180.03,180.03,59,British Columbia / Colombie-Britannique,933,59933,Vancouver,B,9330180.03,180.03,1676,1355085,94950,7912.50,21.18,23.01,335.2
1402,9330059.13,59.13,59,British Columbia / Colombie-Britannique,933,59933,Vancouver,B,9330059.13,59.13,1888,601178,72082,6006.83,31.43,2.98,377.6
5582,9330188.06,188.06,59,British Columbia / Colombie-Britannique,933,59933,Vancouver,B,9330188.06,188.06,1471,983694,91989,7665.75,19.19,6.23,294.2
2887,9330142.01,142.01,59,British Columbia / Colombie-Britannique,933,59933,Vancouver,B,9330142.01,142.01,1540,1111190,91136,7594.67,20.28,18.87,308
5080,9330144.03,144.03,59,British Columbia / Colombie-Britannique,933,59933,Vancouver,B,9330144.03,144.03,1271,1185691,83968,6997.33,18.16,20.13,254.2
2888,9330142.02,142.02,59,British Columbia / Colombie-Britannique,933,59933,Vancouver,B,9330142.02,142.02,1391,1254274,81152,6762.67,20.57,21.30,278.2
1615,9330009,9,59,British Columbia / Colombie-Britannique,933,59933,Vancouver,B,9330009,9,1422,2450291,60544,5045.33,28.18,41.61,284.4
2276,9330147.1,147.1,59,British Columbia / Colombie-Britannique,933,59933,Vancouver,B,9330147.1,147.1,1186,467720,57280,4773.33,24.85,1.99,237.2
2130,9330131,131,59,British Columbia / Colombie-Britannique,933,59933,Vancouver,B,9330131,131,1777,2604844,92416,7701.33,23.07,44.23,355.4
1499,9330504.12,504.12,59,British Columbia / Colombie-Britannique,933,59933,Vancouver,B,9330504.12,504.12,1545,794777,93216,7768.00,19.89,4.63,309
5168,9330004.02,4.02,59,British Columbia / Colombie-Britannique,933,59933,Vancouver,B,9330004.02,4.02,1105,1492650,70067,5838.92,18.92,25.35,221
673,9330222.01,222.01,59,British Columbia / Colombie-Britannique,933,59933,Vancouver,B,9330222.01,222.01,1236,953101,70400,5866.67,21.07,5.97,247.2
5061,9330147.04,147.04,59,British Columbia / Colombie-Britannique,933,59933,Vancouver,B,9330147.04,147.04,1155,418782,53984,4498.67,25.67,1.78,231
2110,9330025,25,59,British Columbia / Colombie-Britannique,933,59933,Vancouver,B,9330025,25,1693,2729934,92818,7734.83,21.89,46.36,338.6
4966,9330223.02,223.02,59,British Columbia / Colombie-Britannique,933,59933,Vancouver,B,9330223.02,223.02,1090,881914,61120,5093.33,21.40,5.37,218
2037,9330132,132,59,British Columbia / Colombie-Britannique,933,59933,Vancouver,B,9330132,132,2304,3104963,144128,12010.67,19.18,52.72,460.8
4116,9330034.01,34.01,59,British Columbia / Colombie-Britannique,933,59933,Vancouver,B,9330034.01,34.01,1091,1227296,64128,5344.00,20.42,20.84,218.2
4113,9330017.02,17.02,59,British Columbia / Colombie-Britannique,933,59933,Vancouver,B,9330017.02,17.02,1077,1072698,63936,5328.00,20.21,18.21,215.4
3744,9330238.02,238.02,59,British Columbia / Colombie-Britannique,933,59933,Vancouver,B,9330238.02,238.02,1344,1527997,79342,6611.83,20.33,25.95,268.8
2944,9330036.01,36.01,59,British Columbia / Colombie-Britannique,933,59933,Vancouver,B,9330036.01,36.01,1130,1347431,66011,5500.92,20.54,22.88,226
2125,9330119,119,59,British Columbia / Colombie-Britannique,933,59933,Vancouver,B,9330119,119,2085,1649869,109440,9120.00,22.86,28.02,417
587,9330008.02,8.02,59,British Columbia / Colombie-Britannique,933,59933,Vancouver,B,9330008.02,8.02,2069,2968823,125184,10432.00,19.83,50.41,413.8
4956,9330003.01,3.01,59,British Columbia / Colombie-Britannique,933,59933,Vancouver,B,9330003.01,3.01,1139,1544739,73472,6122.67,18.60,26.23,227.8
2939,9330013.01,13.01,59,British Columbia / Colombie-Britannique,933,59933,Vancouver,B,9330013.01,13.01,1084,1386237,65978,5498.17,19.72,23.54,216.8
2942,9330018.01,18.01,59,British Columbia / Colombie-Britannique,933,59933,Vancouver,B,9330018.01,18.01,1118,1330325,65609,5467.42,20.45,22.59,223.6
4159,9330238.01,238.01,59,British Columbia / Colombie-Britannique,933,59933,Vancouver,B,9330238.01,238.01,1406,1111511,80384,6698.67,20.99,18.87,281.2
1871,9330013.04,13.04,59,British Columbia / Colombie-Britannique,933,59933,Vancouver,B,9330013.04,13.04,1081,1384811,71782,5981.83,18.07,23.51,216.2
3826,9330287.01,287.01,59,British Columbia / Colombie-Britannique,933,59933,Vancouver,B,9330287.01,287.01,1379,732911,75406,6283.83,21.95,4.10,275.8
2069,9330149.09,149.09,59,British Columbia / Colombie-Britannique,933,59933,Vancouver,B,9330149.09,149.09,1064,1159425,61312,5109.33,20.82,19.69,212.8
2940,9330015.01,15.01,59,British Columbia / Colombie-Britannique,933,59933,Vancouver,B,9330015.01,15.01,1194,1681855,75849,6320.75,18.89,28.56,238.8
2111,9330026,26,59,British Columbia / Colombie-Britannique,933,59933,Vancouver,B,9330026,26,1558,3064263,82432,6869.33,22.68,52.03,311.6
4112,9330017.01,17.01,59,British Columbia / Colombie-Britannique,933,59933,Vancouver,B,9330017.01,17.01,1143,1364560,65067,5422.25,21.08,23.17,228.6
2916,9330143.02,143.02,59,British Columbia / Colombie-Britannique,933,59933,Vancouver,B,9330143.02,143.02,983,1459459,56960,4746.67,20.71,24.78,196.6
4166,9330243.02,243.02,59,British Columbia / Colombie-Britannique,933,59933,Vancouver,B,9330243.02,243.02,1393,793873,71834,5986.17,23.27,4.62,278.6
2139,9330066,66,59,British Columbia / Colombie-Britannique,933,59933,Vancouver,B,9330066,66,1845,1325746,71774,5981.17,30.85,22.51,369
1616,9330504.13,504.13,59,British Columbia / Colombie-Britannique,933,59933,Vancouver,B,9330504.13,504.13,1991,433157,82330,6860.83,29.02,1.84,398.2
2941,9330015.02,15.02,59,British Columbia / Colombie-Britannique,933,59933,Vancouver,B,9330015.02,15.02,1179,1592676,68096,5674.67,20.78,27.04,235.8
5683,9330287.16,287.16,59,British Columbia / Colombie-Britannique,933,59933,Vancouver,B,9330287.16,287.16,1253,353115,50816,4234.67,29.59,1.50,250.6
2933,9330052.01,52.01,59,British Columbia / Colombie-Britannique,933,59933,Vancouver,B,9330052.01,52.01,1043,1357318,53595,4466.25,23.35,23.05,208.6
4984,9330144.06,144.06,59,British Columbia / Colombie-Britannique,933,59933,Vancouver,B,9330144.06,144.06,1309,1138645,77440,6453.33,20.28,19.33,261.8
2107,9330022,22,59,British Columbia / Colombie-Britannique,933,59933,Vancouver,B,9330022,22,1566,1386395,56544,4712.00,33.23,23.54,313.2
4943,9330043.02,43.02,59,British Columbia / Colombie-Britannique,933,59933,Vancouver,B,9330043.02,43.02,1956,3034089,98645,8220.42,23.79,51.52,391.2
751,9330287.1,287.1,59,British Columbia / Colombie-Britannique,933,59933,Vancouver,B,9330287.1,287.1,1399,1118114,102528,8544.00,16.37,18.99,279.8
2495,9330181.1,181.1,59,British Columbia / Colombie-Britannique,933,59933,Vancouver,B,9330181.1,181.1,1657,944697,73941,6161.75,26.89,5.90,331.4
2192,9330067.02,67.02,59,British Columbia / Colombie-Britannique,933,59933,Vancouver,B,9330067.02,67.02,1783,1416414,63206,5267.17,33.85,24.05,356.6
2126,9330120,120,59,British Columbia / Colombie-Britannique,933,59933,Vancouver,B,9330120,120,2286,1835533,118528,9877.33,23.14,31.17,457.2
2127,9330121,121,59,British Columbia / Colombie-Britannique,933,59933,Vancouver,B,9330121,121,2244,2249176,139410,11617.50,19.32,38.19,448.8
2166,9330146,146,59,British Columbia / Colombie-Britannique,933,59933,Vancouver,B,9330146,146,1489,987082,80939,6744.92,22.08,6.26,297.8
4982,9330144.04,144.04,59,British Columbia / Colombie-Britannique,933,59933,Vancouver,B,9330144.04,144.04,1316,923777,64358,5363.17,24.54,5.72,263.2
2915,9330143.01,143.01,59,British Columbia / Colombie-Britannique,933,59933,Vancouver,B,9330143.01,143.01,1477,1252544,88883,7406.92,19.94,21.27,295.4
783,9330287.12,287.12,59,British Columbia / Colombie-Britannique,933,59933,Vancouver,B,9330287.12,287.12,1457,926179,84261,7021.75,20.75,5.74,291.4
4959,9330006.02,6.02,59,British Columbia / Colombie-Britannique,933,59933,Vancouver,B,9330006.02,6.02,1226,1969471,66125,5510.42,22.25,33.44,245.2
4096,9330162.04,162.04,59,British Columbia / Colombie-Britannique,933,59933,Vancouver,B,9330162.04,162.04,2040,1035554,117632,9802.67,20.81,17.58,408
5089,9330221.04,221.04,59,British Columbia / Colombie-Britannique,933,59933,Vancouver,B,9330221.04,221.04,1130,1533813,67021,5585.08,20.23,26.04,226
5063,9330151.03,151.03,59,British Columbia / Colombie-Britannique,933,59933,Vancouver,B,9330151.03,151.03,1445,897375,84224,7018.67,20.59,5.50,289
5046,9330235.03,235.03,59,British Columbia / Colombie-Britannique,933,59933,Vancouver,B,9330235.03,235.03,1173,308470,42510,3542.50,33.11,1.31,234.6
4969,9330227.01,227.01,59,British Columbia / Colombie-Britannique,933,59933,Vancouver,B,9330227.01,227.01,1086,550379,40425,3368.75,32.24,2.55,217.2
5633,9330188.01,188.01,59,British Columbia / Colombie-Britannique,933,59933,Vancouver,B,9330188.01,188.01,1565,1113147,99584,8298.67,18.86,18.90,313
1115,9330130.03,130.03,59,British Columbia / Colombie-Britannique,933,59933,Vancouver,B,9330130.03,130.03,1512,1274669,50400,4200.00,36.00,21.64,302.4
2108,9330023,23,59,British Columbia / Colombie-Britannique,933,59933,Vancouver,B,9330023,23,2015,3107300,111360,9280.00,21.71,52.76,403
722,9330225.01,225.01,59,British Columbia / Colombie-Britannique,933,59933,Vancouver,B,9330225.01,225.01,1380,1480510,77141,6428.42,21.47,25.14,276
2919,9330149.02,149.02,59,British Columbia / Colombie-Britannique,933,59933,Vancouver,B,9330149.02,149.02,1407,1400738,78037,6503.08,21.64,23.79,281.4
5644,9330181.09,181.09,59,British Columbia / Colombie-Britannique,933,59933,Vancouver,B,9330181.09,181.09,1977,1524301,96329,8027.42,24.63,25.88,395.4
4958,9330006.01,6.01,59,British Columbia / Colombie-Britannique,933,59933,Vancouver,B,9330006.01,6.01,1314,2028076,67123,5593.58,23.49,34.44,262.8
625,9330151.06,151.06,59,British Columbia / Colombie-Britannique,933,59933,Vancouver,B,9330151.06,151.06,1321,961706,87680,7306.67,18.08,6.04,264.2
5044,9330228.03,228.03,59,British Columbia / Colombie-Britannique,933,59933,Vancouver,B,9330228.03,228.03,1255,523380,47531,3960.92,31.68,2.32,251
4110,9330010.01,10.01,59,British Columbia / Colombie-Britannique,933,59933,Vancouver,B,9330010.01,10.01,1490,2242269,58197,4849.75,30.72,38.07,298
2128,9330122,122,59,British Columbia / Colombie-Britannique,933,59933,Vancouver,B,9330122,122,2285,1714427,126976,10581.33,21.59,29.11,457
629,9330147.08,147.08,59,British Columbia / Colombie-Britannique,933,59933,Vancouver,B,9330147.08,147.08,1211,389044,48081,4006.75,30.22,1.65,242.2
5167,9330004.01,4.01,59,British Columbia / Colombie-Britannique,933,59933,Vancouver,B,9330004.01,4.01,1368,1474672,59026,4918.83,27.81,25.04,273.6
3788,9330142.03,142.03,59,British Columbia / Colombie-Britannique,933,59933,Vancouver,B,9330142.03,142.03,1581,1291699,63915,5326.25,29.68,21.93,316.2
2105,9330020,20,59,British Columbia / Colombie-Britannique,933,59933,Vancouver,B,9330020,20,1979,2663509,99968,8330.67,23.76,45.23,395.8
2169,9330188.08,188.08,59,British Columbia / Colombie-Britannique,933,59933,Vancouver,B,9330188.08,188.08,1505,990902,97600,8133.33,18.50,6.29,301
2497,9330181.12,181.12,59,British Columbia / Colombie-Britannique,933,59933,Vancouver,B,9330181.12,181.12,2364,1831533,122624,10218.67,23.13,31.10,472.8
2150,9330149.07,149.07,59,British Columbia / Colombie-Britannique,933,59933,Vancouver,B,9330149.07,149.07,1444,2146408,79360,6613.33,21.83,36.45,288.8
4961,9330007.02,7.02,59,British Columbia / Colombie-Britannique,933,59933,Vancouver,B,9330007.02,7.02,1994,3361575,99520,8293.33,24.04,57.08,398.8
785,9330287.13,287.13,59,British Columbia / Colombie-Britannique,933,59933,Vancouver,B,9330287.13,287.13,1422,900075,72533,6044.42,23.53,5.52,284.4
4007,9330143.04,143.04,59,British Columbia / Colombie-Britannique,933,59933,Vancouver,B,9330143.04,143.04,1447,1486791,84523,7043.58,20.54,25.25,289.4
2917,9330143.03,143.03,59,British Columbia / Colombie-Britannique,933,59933,Vancouver,B,9330143.03,143.03,1409,1645990,64256,5354.67,26.31,27.95,281.8
750,9330287.09,287.09,59,British Columbia / Colombie-Britannique,933,59933,Vancouver,B,9330287.09,287.09,1354,406195,43241,3603.42,37.58,1.72,270.8
4206,9330151.08,151.08,59,British Columbia / Colombie-Britannique,933,59933,Vancouver,B,9330151.08,151.08,1436,757408,63147,5262.25,27.29,4.31,287.2
5062,9330147.05,147.05,59,British Columbia / Colombie-Britannique,933,59933,Vancouver,B,9330147.05,147.05,1328,490625,49440,4120.00,32.23,2.08,265.6
5079,9330133.02,133.02,59,British Columbia / Colombie-Britannique,933,59933,Vancouver,B,9330133.02,133.02,3124,2443032,145481,12123.42,25.77,41.48,624.8
1619,9330027.02,27.02,59,British Columbia / Colombie-Britannique,933,59933,Vancouver,B,9330027.02,27.02,1870,2519643,67456,5621.33,33.27,42.78,374
4111,9330010.02,10.02,59,British Columbia / Colombie-Britannique,933,59933,Vancouver,B,9330010.02,10.02,1637,2931338,71467,5955.58,27.49,49.78,327.4
2136,9330134,134,59,British Columbia / Colombie-Britannique,933,59933,Vancouver,B,9330134,134,2362,3192847,92928,7744.00,30.50,54.22,472.4
4983,9330144.05,144.05,59,British Columbia / Colombie-Britannique,933,59933,Vancouver,B,9330144.05,144.05,1559,1289302,69056,5754.67,27.09,21.89,311.8
2279,9330149.06,149.06,59,British Columbia / Colombie-Britannique,933,59933,Vancouver,B,9330149.06,149.06,1689,1295237,69717,5809.75,29.07,21.99,337.8
4230,9330147.01,147.01,59,British Columbia / Colombie-Britannique,933,59933,Vancouver,B,9330147.01,147.01,1558,737093,58829,4902.42,31.78,4.14,311.6
2274,9330145.02,145.02,59,British Columbia / Colombie-Britannique,933,59933,Vancouver,B,9330145.02,145.02,1713,1066926,82716,6893.00,24.85,18.12,342.6
5276,9330149.05,149.05,59,British Columbia / Colombie-Britannique,933,59933,Vancouver,B,9330149.05,149.05,1439,1882924,66496,5541.33,25.97,31.97,287.8
4188,9330151.07,151.07,59,British Columbia / Colombie-Britannique,933,59933,Vancouver,B,9330151.07,151.07,1418,524288,42061,3505.08,40.46,2.33,283.6
1872,9330027.01,27.01,59,British Columbia / Colombie-Britannique,933,59933,Vancouver,B,9330027.01,27.01,2286,2644355,85504,7125.33,32.08,44.90,457.2
753,9330226.03,226.03,59,British Columbia / Colombie-Britannique,933,59933,Vancouver,B,9330226.03,226.03,1332,532612,39134,3261.17,40.84,2.40,266.4
626,9330147.07,147.07,59,British Columbia / Colombie-Britannique,933,59933,Vancouver,B,9330147.07,147.07,1275,482048,34880,2906.67,43.86,2.05,255
1961,9330069.01,69.01,59,British Columbia / Colombie-Britannique,933,59933,Vancouver,B,9330069.01,69.01,1634,1434543,48141,4011.75,40.73,24.36,326.8
2168,9330148,148,59,British Columbia / Colombie-Britannique,933,59933,Vancouver,B,9330148,148,1363,711643,36759,3063.25,44.50,3.92,272.6
2159,9330135,135,59,British Columbia / Colombie-Britannique,933,59933,Vancouver,B,9330135,135,2784,2887396,106880,8906.67,31.26,49.03,556.8
2273,9330145.01,145.01,59,British Columbia / Colombie-Britannique,933,59933,Vancouver,B,9330145.01,145.01,1666,1562970,63898,5324.83,31.29,26.54,333.2
2359,9330069.02,69.02,59,British Columbia / Colombie-Britannique,933,59933,Vancouver,B,9330069.02,69.02,1963,861809,39104,3258.67,60.24,5.19,392.6
4027,9330403.06,403.06,59,British Columbia / Colombie-Britannique,933,59933,Vancouver,B,9330403.06,403.06,NA,NA,35456,2954.67,NA,NA,NA
3740,9330102.01,102.01,59,British Columbia / Colombie-Britannique,933,59933,Vancouver,B,9330102.01,102.01,NA,NA,55168,4597.33,NA,NA,NA
1550,9330130.04,130.04,59,British Columbia / Colombie-Britannique,933,59933,Vancouver,B,9330130.04,130.04,NA,NA,38933,3244.42,NA,NA,NA
4100,9330500.01,500.01,59,British Columbia / Colombie-Britannique,933,59933,Vancouver,B,9330500.01,500.01,NA,NA,42816,3568.00,NA,NA,NA
624,9330008.01,8.01,59,British Columbia / Colombie-Britannique,933,59933,Vancouver,B,9330008.01,8.01,NA,NA,81408,6784.00,NA,NA,NA
3343,9330161.08,161.08,59,British Columbia / Colombie-Britannique,933,59933,Vancouver,B,9330161.08,161.08,NA,NA,84053,7004.42,NA,NA,NA
4139,9330111.04,111.04,59,British Columbia / Colombie-Britannique,933,59933,Vancouver,B,9330111.04,111.04,NA,NA,78702,6558.50,NA,NA,NA
4008,9330251.02,251.02,59,British Columbia / Colombie-Britannique,933,59933,Vancouver,B,9330251.02,251.02,NA,658001,88320,NA,NA,3.46,NA
3522,9330260.11,260.11,59,British Columbia / Colombie-Britannique,933,59933,Vancouver,B,9330260.11,260.11,NA,1241220,112384,NA,NA,21.08,NA
4461,9330181.15,181.15,59,British Columbia / Colombie-Britannique,933,59933,Vancouver,B,9330181.15,181.15,NA,NA,47232,NA,NA,NA,NA
4094,9330251.01,251.01,59,British Columbia / Colombie-Britannique,933,59933,Vancouver,B,9330251.01,251.01,NA,NA,NA,NA,NA,NA,NA
2211,9330270,270,59,British Columbia / Colombie-Britannique,933,59933,Vancouver,B,9330270,270,NA,NA,NA,NA,NA,NA,NA
3347,9330280.01,280.01,59,British Columbia / Colombie-Britannique,933,59933,Vancouver,B,9330280.01,280.01,NA,NA,NA,NA,NA,NA,NA
3345,9330290.06,290.06,59,British Columbia / Colombie-Britannique,933,59933,Vancouver,B,9330290.06,290.06,NA,NA,NA,NA,NA,NA,NA
4031,9330400.07,400.07,59,British Columbia / Colombie-Britannique,933,59933,Vancouver,B,9330400.07,400.07,NA,NA,NA,NA,NA,NA,NA
4032,9330400.08,400.08,59,British Columbia / Colombie-Britannique,933,59933,Vancouver,B,9330400.08,400.08,NA,NA,NA,NA,NA,NA,NA
3983,9330504.14,504.14,59,British Columbia / Colombie-Britannique,933,59933,Vancouver,B,9330504.14,504.14,NA,NA,NA,NA,NA,NA,NA
3985,9330505.03,505.03,59,British Columbia / Colombie-Britannique,933,59933,Vancouver,B,9330505.03,505.03,NA,NA,NA,NA,NA,NA,NA
4124,9330111.06,111.06,59,British Columbia / Colombie-Britannique,933,59933,Vancouver,B,9330111.06,111.06,NA,NA,,NA,NA,NA,NA
3976,9330161.07,161.07,59,British Columbia / Colombie-Britannique,933,59933,Vancouver,B,9330161.07,161.07,NA,NA,,NA,NA,NA,NA